experiment_id,model_name,label,group,proposed,protocol,image_size,batch_size,learning_rate,epochs_run,best_epoch,training_time_s,total_parameters,model_size_mb,val_accuracy,test_accuracy,test_precision_macro,test_recall_macro,test_f1_macro,test_f1_weighted,test_top3_accuracy,test_top5_accuracy,test_roc_auc_macro_ovr,test_ece,inference_ms_per_image,checkpoint
cnn_baseline__bench__88683620,cnn_baseline,Custom CNN (baseline),benchmark,False,benchmark,160,32,0.0003,12,11,646.91,1248774,4.771,0.956140350877193,0.9583333333333334,0.9586151582194882,0.9583333333333335,0.9577771587006444,0.9577771587006442,0.9949561403508772,0.9975877192982456,0.9995728623360198,0.06696439549457613,2.125337500012847,D:\Data science projects\Plant disease detection\models\checkpoints\cnn_baseline__bench__88683620.pt
cnn_se__bench__a659fd7f,cnn_se,Custom CNN + SE,benchmark,False,benchmark,160,32,0.0003,12,11,748.08,1259782,4.813,0.9605263157894737,0.9603070175438596,0.9608576371642006,0.9603070175438598,0.9598336064606504,0.9598336064606502,0.9953947368421052,0.9984649122807018,0.9996933775881144,0.06255794678275518,4.472115000004351,D:\Data science projects\Plant disease detection\models\checkpoints\cnn_se__bench__a659fd7f.pt
mobilenet_v3_large__bench__cdc23385,mobilenet_v3_large,MobileNetV3-Large,benchmark,False,benchmark,160,32,0.0003,12,10,370.86,3008470,11.57,0.9548245614035088,0.950219298245614,0.9506655879361047,0.950219298245614,0.9497335588422178,0.9497335588422174,0.9925438596491228,0.9975877192982456,0.9993107910542119,0.09567669579399782,13.64365250000219,D:\Data science projects\Plant disease detection\models\checkpoints\mobilenet_v3_large__bench__cdc23385.pt
efficientnet_b0__bench__46505609,efficientnet_b0,EfficientNet-B0,benchmark,False,benchmark,160,31,0.0003,12,9,496.09,4056226,15.634,0.9706140350877193,0.9701754385964912,0.9707433449012332,0.9701754385964912,0.970039053744108,0.970039053744108,0.9964912280701754,0.9982456140350877,0.9997264204994472,0.07208370750018378,19.466277500043816,D:\Data science projects\Plant disease detection\models\checkpoints\efficientnet_b0__bench__46505609.pt
classical__logistic_regression__train_bench,logistic_regression,Logistic Regression (hand-crafted features),classical,False,classical,96,,,,,20.88,,0.0,,0.8723684210526316,0.872610698848163,0.8723684210526316,0.8718503614308064,0.8718503614308064,0.9714912280701754,0.9855263157894737,0.9960139086454877,,0.02461379385969147,
resnet50__bench__97b1d60d,resnet50,ResNet50,benchmark,False,benchmark,160,23,0.0003,12,11,1173.79,23585894,90.176,0.9903508771929824,0.9912280701754386,0.9914268825198354,0.9912280701754386,0.9912120540380606,0.9912120540380606,0.9993421052631579,0.999561403508772,0.9999579678362572,0.06144060472255215,14.19245749999618,D:\Data science projects\Plant disease detection\models\checkpoints\resnet50__bench__97b1d60d.pt
densenet121__bench__b1b5c3fa,densenet121,DenseNet121,benchmark,False,benchmark,160,19,0.0003,12,12,679.3,6992806,26.995,0.980701754385965,0.9780701754385965,0.9781352131363387,0.9780701754385964,0.9779806453831498,0.97798064538315,0.9978070175438597,0.9997807017543859,0.9998191777303619,0.06172063409171083,33.52258999999549,D:\Data science projects\Plant disease detection\models\checkpoints\densenet121__bench__b1b5c3fa.pt
efficientnet_b0_cbam__bench__53a3929d,efficientnet_b0_cbam,EfficientNet-B0 + CBAM,benchmark,True,benchmark,160,31,0.0003,12,9,611.84,4261124,16.416,0.9697368421052631,0.9682017543859649,0.9687698070598403,0.968201754385965,0.9680816300462523,0.9680816300462523,0.9962719298245614,0.9986842105263158,0.9996887841789157,0.07273984219421421,17.842557499989198,D:\Data science projects\Plant disease detection\models\checkpoints\efficientnet_b0_cbam__bench__53a3929d.pt
resnet50_cbam__bench__a7a8af47,resnet50_cbam,ResNet50 + CBAM,benchmark,False,benchmark,160,23,0.0003,12,11,1010.06,24110280,92.176,0.9894736842105263,0.9914473684210526,0.9916754322243762,0.9914473684210527,0.9914433568654919,0.991443356865492,0.999561403508772,0.9997807017543859,0.9999707108424214,0.06121285396317634,15.927767499943002,D:\Data science projects\Plant disease detection\models\checkpoints\resnet50_cbam__bench__a7a8af47.pt
mobilenet_v3_large_cbam__bench__3cc96881,mobilenet_v3_large_cbam,MobileNetV3-Large + CBAM,benchmark,False,benchmark,160,32,0.0003,12,12,473.15,3123768,12.01,0.956140350877193,0.9478070175438597,0.9480207103694597,0.94780701754386,0.9472598640895885,0.9472598640895887,0.9914473684210526,0.9969298245614036,0.9992830824245298,0.09006489559419843,14.240222500006894,D:\Data science projects\Plant disease detection\models\checkpoints\mobilenet_v3_large_cbam__bench__3cc96881.pt
abl_cnn_none__abl__c4fad841,abl_cnn_none,Ablation A: CNN,ablation,False,ablation,160,32,0.0003,12,12,625.26,1248774,4.771,0.956140350877193,0.9587719298245614,0.9592764515034942,0.9587719298245615,0.9582211797526797,0.9582211797526796,0.9951754385964913,0.9989035087719298,0.9995607120278173,0.06765205567669975,1.922292499921241,D:\Data science projects\Plant disease detection\models\checkpoints\abl_cnn_none__abl__c4fad841.pt
abl_cnn_channel__abl__9aa616e2,abl_cnn_channel,Ablation B: CNN + Channel attention,ablation,False,ablation,160,32,0.0003,12,11,762.61,1259782,4.813,0.9657894736842105,0.9633771929824562,0.9637247957951675,0.9633771929824564,0.9631067467245754,0.9631067467245753,0.9964912280701754,0.9984649122807018,0.9997821341077922,0.042878572541501465,4.216572500035909,D:\Data science projects\Plant disease detection\models\checkpoints\abl_cnn_channel__abl__9aa616e2.pt
abl_cnn_spatial__abl__04b9901e,abl_cnn_spatial,Ablation C: CNN + Spatial attention,ablation,False,ablation,160,32,0.0003,12,12,778.78,1249166,4.773,0.9587719298245614,0.9611842105263158,0.9614297017001368,0.961184210526316,0.9606112847878152,0.9606112847878154,0.9940789473684211,0.9975877192982456,0.9996171171171171,0.06567904082894849,3.2452050000301824,D:\Data science projects\Plant disease detection\models\checkpoints\abl_cnn_spatial__abl__04b9901e.pt
abl_cnn_se__abl__7f931af6,abl_cnn_se,Ablation D: CNN + SE,ablation,False,ablation,160,32,0.0003,12,12,714.95,1259782,4.813,0.9614035087719298,0.9638157894736842,0.9643022858999298,0.9638157894736842,0.9633610020068778,0.9633610020068778,0.9958333333333333,0.9986842105263158,0.9996371700648015,0.05821894350739423,5.374219999998786,D:\Data science projects\Plant disease detection\models\checkpoints\abl_cnn_se__abl__7f931af6.pt
cnn_cbam__bench__0338e30c,cnn_cbam,Custom CNN + CBAM,benchmark,True,benchmark,160,32,0.0003,12,11,1014.18,1260174,4.815,0.9627192982456141,0.9607456140350877,0.9611756069530207,0.9607456140350877,0.9605200091779169,0.960520009177917,0.9958333333333333,0.9986842105263158,0.999691648885728,0.04182721439160804,7.388989999981277,D:\Data science projects\Plant disease detection\models\checkpoints\cnn_cbam__bench__0338e30c.pt
abl_cnn_cbam__abl__e8e48586,abl_cnn_cbam,Ablation E: CNN + CBAM,ablation,True,ablation,160,32,0.0003,12,12,922.13,1260174,4.815,0.9640350877192982,0.962938596491228,0.9634543436574315,0.9629385964912281,0.9627509904436913,0.962750990443691,0.9958333333333333,0.9989035087719298,0.9997001442231707,0.041298899616588655,6.662212500077658,D:\Data science projects\Plant disease detection\models\checkpoints\abl_cnn_cbam__abl__e8e48586.pt
place_cbam_last__place__b0811d34,place_cbam_last,CBAM on last stage only,placement,False,placement,160,32,0.0003,12,12,639.69,1257064,4.803,0.9614035087719298,0.9574561403508772,0.9579143617396259,0.9574561403508773,0.9569219926266893,0.9569219926266892,0.9953947368421052,0.9989035087719298,0.9995982495653549,0.0676701768056342,3.6021149999896807,D:\Data science projects\Plant disease detection\models\checkpoints\place_cbam_last__place__b0811d34.pt
place_cbam_last2__place__49988563,place_cbam_last2,CBAM on last two stages,placement,False,placement,160,32,0.0003,12,12,680.72,1259210,4.811,0.9679824561403508,0.9677631578947369,0.9682025915849797,0.967763157894737,0.9675886329064374,0.9675886329064373,0.9969298245614036,0.9991228070175439,0.9996898707918443,0.042885568055013784,5.7021374999976615,D:\Data science projects\Plant disease detection\models\checkpoints\place_cbam_last2__place__49988563.pt
place_cbam_all__place__65e9351e,place_cbam_all,CBAM on every stage,placement,False,placement,160,32,0.0003,12,12,1744.19,1260174,4.815,0.9618421052631579,0.9653508771929824,0.9658543329038211,0.9653508771929825,0.9652008637931523,0.9652008637931524,0.9967105263157895,0.9984649122807018,0.9997049845898531,0.04717868660952436,4.582992499854299,D:\Data science projects\Plant disease detection\models\checkpoints\place_cbam_all__place__65e9351e.pt
cnn_baseline__bench__1b7e9948,cnn_baseline,Custom CNN (baseline),benchmark,False,benchmark,160,32,0.0003,12,12,618.3,1248774,4.771,0.9552631578947368,0.956140350877193,0.9568270245346592,0.9561403508771932,0.9556074569719416,0.9556074569719417,0.9945175438596491,0.9971491228070175,0.9994968488225066,0.06849049983317389,2.129940000031638,D:\Data science projects\Plant disease detection\models\checkpoints\cnn_baseline__bench__1b7e9948.pt
cnn_baseline__bench__971599dc,cnn_baseline,Custom CNN (baseline),benchmark,False,benchmark,160,32,0.0003,12,12,617.85,1248774,4.771,0.9548245614035088,0.9574561403508772,0.9585153330386416,0.9574561403508773,0.9569789786904431,0.9569789786904428,0.9956140350877193,0.9980263157894737,0.9995585881934567,0.06268825590969958,2.190634999942631,D:\Data science projects\Plant disease detection\models\checkpoints\cnn_baseline__bench__971599dc.pt
classical__linear_svm__train_bench,linear_svm,Linear SVM (hand-crafted features),classical,False,classical,96,,,,,4882.51,,0.0,,0.8796052631578948,0.8784663336088702,0.8796052631578947,0.8778383840089026,0.8778383840089026,0.9600877192982457,0.9837719298245614,0.9936981883198989,,0.0859869517546286,
classical__random_forest__train_bench,random_forest,Random Forest (hand-crafted features),classical,False,classical,96,,,,,75.95,,0.0,,0.9052631578947369,0.9068206557440056,0.9052631578947368,0.9036919851715962,0.9036919851715961,0.9765350877192982,0.9875,0.9967589546783626,,0.08638894736848893,
classical__xgboost__train_bench,xgboost,XGBoost (hand-crafted features),classical,False,classical,96,,,,,891.55,,0.0,,0.9307017543859649,0.9309469760414215,0.9307017543859649,0.9301726864148344,0.9301726864148345,0.9885964912280701,0.9956140350877193,0.9988292239608029,,0.04712300438577107,
cnn_cbam__prod__080f583f,cnn_cbam,Custom CNN + CBAM,benchmark,True,production,224,32,0.0003,6,6,6267.57,1260174,4.815,0.9857752489331437,0.9842362849988618,0.9844769680711472,0.9841675098912279,0.9841949284592842,0.9842076768033954,0.998975643068518,0.9997723651263374,0.9999443615969851,0.02447734909263993,7.410885000354028,D:\Data science projects\Plant disease detection\models\checkpoints\cnn_cbam__prod__080f583f.pt
efficientnet_b0_cbam__prod__1e6ba679,efficientnet_b0_cbam,EfficientNet-B0 + CBAM,benchmark,True,production,224,16,0.0003,6,6,3778.62,4261124,16.416,0.990896159317212,0.9899840655588437,0.9900446145513997,0.9898146450789774,0.9898100010699992,0.9899261362041879,0.9993740040974277,0.9997723651263374,0.9999675323526831,0.050003857355019506,13.16981250004119,D:\Data science projects\Plant disease detection\models\checkpoints\efficientnet_b0_cbam__prod__1e6ba679.pt
efficientnet_b0__prod__9a259f82,efficientnet_b0,EfficientNet-B0,benchmark,False,production,224,16,0.0003,6,6,3463.12,4056226,15.634,0.9918918918918919,0.9905531527430003,0.9905852078305117,0.9903743597134242,0.990374410917501,0.9905046027089034,0.9994309128158434,0.9998292738447531,0.9999694616737715,0.050042548241259505,18.50293000002239,D:\Data science projects\Plant disease detection\models\checkpoints\efficientnet_b0__prod__9a259f82.pt
place_cbam_last2__prod__a300cf2a,place_cbam_last2,CBAM on last two stages,placement,False,production,224,32,0.0003,6,6,10258.73,1259210,4.811,0.9877667140825036,0.9881060778511268,0.9880795388410707,0.9880741101384085,0.9880308957593098,0.9880704197031795,0.9993740040974277,0.9997154564079217,0.9999543470204245,0.02748673138879254,4.180795000320359,D:\Data science projects\Plant disease detection\models\checkpoints\place_cbam_last2__prod__a300cf2a.pt
cnn_cbam__tune__bfc22c43,cnn_cbam,Custom CNN + CBAM (tuning trial 1),tuning,False,tuning,160,32,0.001,8,8,840.09,,0.0,0.9649122807017544,,,,,,,,,,,
cnn_cbam__tune__6e4108fe,cnn_cbam,Custom CNN + CBAM (tuning trial 2),tuning,False,tuning,160,32,0.001,8,8,716.85,,0.0,0.9587719298245614,,,,,,,,,,,
cnn_cbam__tune__e3a898de,cnn_cbam,Custom CNN + CBAM (tuning trial 3),tuning,False,tuning,160,32,0.0001,8,8,728.14,,0.0,0.8995614035087719,,,,,,,,,,,
cnn_cbam__tune__b5a21636,cnn_cbam,Custom CNN + CBAM (tuning trial 4),tuning,False,tuning,160,32,0.001,8,8,712.83,,0.0,0.9592105263157895,,,,,,,,,,,
cnn_cbam__tune__9868cc42,cnn_cbam,Custom CNN + CBAM (tuning trial 5),tuning,False,tuning,160,32,0.0001,8,8,717.01,,0.0,0.900438596491228,,,,,,,,,,,
cnn_cbam__tune__4594c351,cnn_cbam,Custom CNN + CBAM (tuning trial 6),tuning,False,tuning,160,32,0.001,8,8,720.67,,0.0,0.9425438596491228,,,,,,,,,,,
